id	title	description	link	image_link	additional_image_link	availability	price	sale_price	brand	condition	google_product_category	product_type	gender	age_group	color	material	identifier_exists	custom_label_0	custom_label_1	custom_label_2
KC1658	Gold Crust Dress	ASTHA COLLECTION PRESENCE NEW PRODUCT. D.NO :- AC-7126. FESTIVAL SPECIAL LUNCHING NEW PERFECT 4 PCS SET ON HEAVY CRUSH FABRIC. ABOUT PRODUCT & FABRIC. TOP DETAIL. FABRICS :HEAVY GOLD CRUSH. WORK : EMBROIDERY SEQUENCE WORK. HEIGHT : 32-33”inch. TOP SIZE : M-38” ,L-40” ,XL-42” ,XXL-44". BLOUSE DETAIL. FABRICS :HEAVY GOLD CRUSH. WORK : EMBROIDERY SEQUENCE WORK. BLOUSE SIZE : M-38” ,L-40” ,XL-42” ,XXL-44". PLAZZO DETAIL. FABRICS :HEAVY GOLD CRUSH. PLAZZO SIZE : FREE SIZE. HEIGHT : 39”inch. (FULLYSTITCHED). DUPATTA DETAIL. FABRICS:HEAVY GOLD CRUSH. WORK : FOUR SIDE FANCY LACE. SIZE :2.2 mtr. WEIGHT : 610gm. PREMIUM QUALITY. READY STOCK. NOTE:- The Colour May Vary Slightly From The Picture Due To Lighting Condition. From Kulsums Collection.	https://kulsumscollection.com/products/gold-crust-dress	https://omnlnjzoeylhgjowkfsb.supabase.co/storage/v1/object/public/media/p/pmutnv7jfi6wbp/mutnv7o6-0.jpg	https://omnlnjzoeylhgjowkfsb.supabase.co/storage/v1/object/public/media/p/pmutnv7jfi6wbp/mutnv7o6-1.jpg,https://omnlnjzoeylhgjowkfsb.supabase.co/storage/v1/object/public/media/p/pmutnv7jfi6wbp/mutnv7o6-2.jpg,https://omnlnjzoeylhgjowkfsb.supabase.co/storage/v1/object/public/media/p/pmutnv7jfi6wbp/mutnv7o6-3.jpg	in_stock	1749.00 INR		Kulsums Collection	new	Apparel & Accessories > Clothing > Traditional & Ceremonial Clothing	Clothing > ReadyMade Suits	female	adult	Gold		no	ReadyMade Suits	new_arrival	1000_1999
KC1657	Crush Fabric Dress	ASTHA COLLECTION PRESENCE NEW PRODUCT. D.NO :- AC-7126. FESTIVAL SPECIAL LUNCHING NEW PERFECT 4 PCS SET ON HEAVY CRUSH FABRIC. ABOUT PRODUCT & FABRIC. TOP DETAIL. FABRICS :HEAVY GOLD CRUSH. WORK : EMBROIDERY SEQUENCE WORK. HEIGHT : 32-33”inch. TOP SIZE : M-38” ,L-40” ,XL-42” ,XXL-44". BLOUSE DETAIL. FABRICS :HEAVY GOLD CRUSH. WORK : EMBROIDERY SEQUENCE WORK. BLOUSE SIZE : M-38” ,L-40” ,XL-42” ,XXL-44". PLAZZO DETAIL. FABRICS :HEAVY GOLD CRUSH. PLAZZO SIZE : FREE SIZE. HEIGHT : 39”inch. (FULLYSTITCHED). DUPATTA DETAIL. FABRICS:HEAVY GOLD CRUSH. WORK : FOUR SIDE FANCY LACE. SIZE :2.2 mtr. WEIGHT : 610gm. PREMIUM QUALITY. READY STOCK. NOTE:- The Colour May Vary Slightly From The Picture Due To Lighting Condition. From Kulsums Collection.	https://kulsumscollection.com/products/crush-fabric-dress	https://omnlnjzoeylhgjowkfsb.supabase.co/storage/v1/object/public/media/p/pmutnv6o4d5qjn/mutnv6sk-0.jpg		in_stock	1750.00 INR		Kulsums Collection	new	Apparel & Accessories > Clothing > Traditional & Ceremonial Clothing	Clothing > ReadyMade Suits	female	adult	Gold		no	ReadyMade Suits	new_arrival	1000_1999
KC1655	Pure JAAM COTTON Dress	*100% Pure JAAM COTTON TOP*. *DISCHARGE PRINT COLLECTION*. *100% Pure JAAM COTTON TOP*. *DISCHARGE PRINT COLLECTION*. *PURE JAAM PRINTED COTTON COLLECTION*. Fabric details -. Top - PURE JAAM DISCHARGE PRINTED TOP. Bottom- semi lawn cotton dyed. (2.25mtr). Dup - print CHIFFON. DUPATTA/ LAWN DUPPATA. * RATE :- 625 RS*. From Kulsums Collection.	https://kulsumscollection.com/products/pure-jaam-cotton-dress	https://omnlnjzoeylhgjowkfsb.supabase.co/storage/v1/object/public/media/p/pmutnuyj504mpk/mutnuypi-0.jpg	https://omnlnjzoeylhgjowkfsb.supabase.co/storage/v1/object/public/media/p/pmutnuyj504mpk/mutnuypi-1.jpg,https://omnlnjzoeylhgjowkfsb.supabase.co/storage/v1/object/public/media/p/pmutnuyj504mpk/mutnuypi-2.jpg,https://omnlnjzoeylhgjowkfsb.supabase.co/storage/v1/object/public/media/p/pmutnuyj504mpk/mutnuypi-3.jpg,https://omnlnjzoeylhgjowkfsb.supabase.co/storage/v1/object/public/media/p/pmutnuyj504mpk/mutnuypi-4.jpg,https://omnlnjzoeylhgjowkfsb.supabase.co/storage/v1/object/public/media/p/pmutnuyj504mpk/mutnuypi-5.jpg	in_stock	1049.00 INR		Kulsums Collection	new		Clothing > Dress Material	female	adult			no	Dress Material	new_arrival	1000_1999
KC1653	Pakistani Concept Pure Cotton Top with Bottom and Dupatta	ALZOHAIB Farida Vol 2 – Pakistani Concept Collection. Elegant Pakistani concept suits featuring a pure cotton top with heavy patchwork, paired with a comfortable semi-lawn bottom and a choice of cotton or chiffon dupatta. Perfect for a graceful ethnic look with everyday comfort. Fabric Details:. Top: Pure Cotton with Heavy Patchwork. Bottom: Semi-Lawn. Dupatta: Cotton / Chiffon. Design No.: AZ-1612, AZ-1613, AZ-1618, AZ-1619. Available in Single & Multiple Pieces. From Kulsums Collection.	https://kulsumscollection.com/products/pakistani-concept-pure-cotton-top-2	https://omnlnjzoeylhgjowkfsb.supabase.co/storage/v1/object/public/media/p/pmutnuszyopw84/mutnut1v-0.jpg		in_stock	1150.00 INR		Kulsums Collection	new	Apparel & Accessories > Clothing > Shirts & Tops	Clothing > Pakistani suits	female	adult			no	Pakistani suits	new_arrival	1000_1999
KC1652	Pakistani Suit	ALZOHAIB Farida Vol 2 – Pakistani Concept Collection. Elegant Pakistani concept suits featuring a pure cotton top with heavy patchwork, paired with a comfortable semi-lawn bottom and a choice of cotton or chiffon dupatta. Perfect for a graceful ethnic look with everyday comfort. Fabric Details:. Top: Pure Cotton with Heavy Patchwork. Bottom: Semi-Lawn. Dupatta: Cotton / Chiffon. Design No.: AZ-1612, AZ-1613, AZ-1618, AZ-1619. Available in Single & Multiple Pieces. From Kulsums Collection.	https://kulsumscollection.com/products/pakistani-suit-3	https://omnlnjzoeylhgjowkfsb.supabase.co/storage/v1/object/public/media/p/pmutnupd40eq92/mutnupgi-0.jpg	https://omnlnjzoeylhgjowkfsb.supabase.co/storage/v1/object/public/media/p/pmutnupd40eq92/mutnupgi-1.jpg,https://omnlnjzoeylhgjowkfsb.supabase.co/storage/v1/object/public/media/p/pmutnupd40eq92/mutnupgi-2.jpg	in_stock	1150.00 INR		Kulsums Collection	new	Apparel & Accessories > Clothing > Traditional & Ceremonial Clothing	Clothing > Pakistani suits	female	adult			no	Pakistani suits	new_arrival	1000_1999
KC1646	Muslin Dupatta with Embroidery and Sequins	Muslin modal collection. dear all buyer's. Exclusive embroidered pure / modal muslin / modal muslin bottom/ modal muslin dupatta collection. Duppta :- pure modal muslin dupatta printed. Ready to dispatch. Top: - heavy modal muslin is full embroidered work shirt ). Bottom: - viscous modal muslin/reyon cotton trousers. Dupatta: - NET. Inner: - dull santoon. Size: Fits upto 56. Length: 44. Work: Embroidery, Print, Sequins. Type: Semi-stitched. Free shipping included. From Kulsums Collection.	https://kulsumscollection.com/products/muslin-dupatta-with-embroidery-and-sequins	https://omnlnjzoeylhgjowkfsb.supabase.co/storage/v1/object/public/media/p/pmutnuawkrk02z/mutnuayh-0.jpg		in_stock	1599.00 INR		Kulsums Collection	new	Apparel & Accessories > Clothing > Shirts & Tops	Clothing > Designer	female	adult			no	Designer	new_arrival	1000_1999
KC1644	Cutwork Embroidery Dress	BIN SAEED Vol. 53 – Embroidered Dupatta Collection. A graceful Pakistani-inspired collection featuring printed cotton lawn shirts with heavy embroidery and daman work, paired with beautiful Cotton/Chiffon dupattas featuring two-side cutwork embroidery and dyed cotton trousers. Shirt: Printed Cotton with Heavy Embroidery & Daman Work. Dupatta: Cotton / Chiffon with Two-Side Cutwork Embroidery. Bottom: Dyed Cotton Trousers. Style: Each Design in a Single Colour. From Kulsums Collection.	https://kulsumscollection.com/products/cutwork-embroidery-dress	https://omnlnjzoeylhgjowkfsb.supabase.co/storage/v1/object/public/media/p/pmutnu93spqaxm/mutnu96e-0.jpg	https://omnlnjzoeylhgjowkfsb.supabase.co/storage/v1/object/public/media/p/pmutnu93spqaxm/mutnu96e-1.jpg	in_stock	1999.00 INR		Kulsums Collection	new	Apparel & Accessories > Clothing > Traditional & Ceremonial Clothing	Clothing > Pakistani suits	female	adult			no	Pakistani suits	new_arrival	1000_1999
KC1640	Pakistani Concept Designer Lawn Digital print	Your most trustful brand. A product by saanvi trends. Jade noor ahmed vol-5 heavy lawn cotton. 100% pure lawn cotton collection. Fabric: Heavy lawn cotton karachi print. Top: 2.50 Mtrs. Bottom: 2.00 Mtrs. Dupatta: 2.25 Mtrs. Size: Fits upto 50. Length: 42. Work: Print, Digital print, Handwork. Colour: 4 colours available. Type: Stitched. Free shipping included. From Kulsums Collection.	https://kulsumscollection.com/products/pakistani-concept-designer-lawn-digital-print	https://omnlnjzoeylhgjowkfsb.supabase.co/storage/v1/object/public/media/p/pmutnu6ej7jeki/mutnu6i7-0.jpg		in_stock	609.00 INR		Kulsums Collection	new	Apparel & Accessories > Clothing > Traditional & Ceremonial Clothing	Clothing > Pakistani suits	female	adult		Heavy Lawn Cotton Karachi Print	no	Pakistani suits	new_arrival	500_999
KC1637	Pakistani Concept Pure Cotton Top with Embroidery	ALZOHAIB Farida Vol 2 – Pakistani Cotton Collection. Elegant Pakistani suit featuring a pure cotton top with heavy patchwork, paired with a semi-lawn bottom and your choice of cotton or chiffon dupatta. Top: Pure Cotton with Heavy Patchwork. Bottom: Semi-Lawn. Dupatta: Cotton / Chiffon. Design No.: AZ-1612, AZ-1613, AZ-1618, AZ-1619. Available: Single & Multiple Pieces. From Kulsums Collection.	https://kulsumscollection.com/products/pakistani-concept-pure-cotton-top-with-embroidery	https://omnlnjzoeylhgjowkfsb.supabase.co/storage/v1/object/public/media/p/pmutntytd8huns/mutntyyh-0.jpg	https://omnlnjzoeylhgjowkfsb.supabase.co/storage/v1/object/public/media/p/pmutntytd8huns/mutntyyh-1.jpg,https://omnlnjzoeylhgjowkfsb.supabase.co/storage/v1/object/public/media/p/pmutntytd8huns/mutntyyh-2.jpg,https://omnlnjzoeylhgjowkfsb.supabase.co/storage/v1/object/public/media/p/pmutntytd8huns/mutntyyh-3.jpg	in_stock	1299.00 INR		Kulsums Collection	new	Apparel & Accessories > Clothing > Shirts & Tops	Clothing > Pakistani suits	female	adult			no	Pakistani suits	new_arrival	1000_1999
KC1633	Viscose Top with Digital Print and Aari Work	Design no.- kt - 339 new colour. Single & multiples available. Top: Pure Viscous Maslin Digital Print and Aari Work with dimond. Bottom: Pure Viscose Rayon. Dupatta: Pure Viscose Maslin Digital print. Free shipping included. From Kulsums Collection.	https://kulsumscollection.com/products/viscose-top-with-digital-print-and-aari-work-2	https://omnlnjzoeylhgjowkfsb.supabase.co/storage/v1/object/public/media/p/pmutnttn9id03y/mutntttc-0.jpg		in_stock	1859.00 INR		Kulsums Collection	new	Apparel & Accessories > Clothing > Shirts & Tops	Clothing > Designer	female	adult			no	Designer	new_arrival	1000_1999
KC1332	🌸 🌸 Heavy Pakistani Lawn Fancy Patch 3-Piece Set	Heavy Pakistani Lawn Fancy Patch 3-Piece Set. A beautiful ready-to-wear Pakistani Lawn collection featuring premium heavy cotton, elegant organza lace detailing, and a digitally printed dupatta. Top: Pure Heavy Lawn Cotton with Print & Fancy Patch Organza Lace. Bottom: Pure Heavy Lawn Cotton — Pant Style. Dupatta: Pure Digital Print Mal Mal Cotton. Designs: 6 Beautiful Designs. Sizes: XL XXL 3XL. Readymade Collection. Single Pieces Available. Place Your Order Today on Our Website or WhatsApp. A beautiful ready-to-wear Pakistani Lawn collection featuring premium heavy cotton, elegant organza lace detailing, and a digitally printed dupatta. Top: Pure Heavy Lawn Cotton with Print & Fancy Patch Organza Lace. Bottom: Pure Heavy Lawn Cotton — Pant Style. Dupatta: Pure Digital Print Mal Mal Cotton. Designs: 6 Beautiful Designs. Sizes: XL XXL 3XL. Readymade Collection. Single Pieces Available. Place Your Order Today on Our Website or WhatsApp. From Kulsums Collection.	https://kulsumscollection.com/products/heavy-pakistani-lawn-fancy-patch-3-piece-set	https://omnlnjzoeylhgjowkfsb.supabase.co/storage/v1/object/public/media/p/pmupu468azlgdc/mupu46n7-0.jpg	https://omnlnjzoeylhgjowkfsb.supabase.co/storage/v1/object/public/media/p/pmupu468azlgdc/mupu46n7-1.jpg,https://omnlnjzoeylhgjowkfsb.supabase.co/storage/v1/object/public/media/p/pmupu468azlgdc/mupu46n7-2.jpg,https://omnlnjzoeylhgjowkfsb.supabase.co/storage/v1/object/public/media/p/pmupu468azlgdc/mupu46n7-3.jpg,https://omnlnjzoeylhgjowkfsb.supabase.co/storage/v1/object/public/media/p/pmupu468azlgdc/mupu46n7-4.jpg,https://omnlnjzoeylhgjowkfsb.supabase.co/storage/v1/object/public/media/p/pmupu468azlgdc/mupu46n7-5.jpg	in_stock	1269.00 INR		Kulsums Collection	new	Apparel & Accessories > Clothing > Traditional & Ceremonial Clothing	Clothing > ReadyMade Suits	female	adult			no	ReadyMade Suits	new_arrival	1000_1999
KC1331	Designer Heavy Embroidered 3-Piece Suit	Designer Heavy Embroidered 3-Piece Suit. Code: AK-1733. A stunning 3-piece designer suit set featuring heavy embroidery, Chinese sequin work, pearl-moti detailing and real mirror handwork — perfect for festive and special occasions. Top Fabric: Heavy Faux Georgette. Top Work: Heavy Embroidery Chinese Sequin Work Pearl Moti Real Mirror Handwork. Top Sizes: M (38) L (40) XL (42) XXL (44). Top: Fully Stitched. Top Length: 39 inches. Top Lining: Micro Cotton. Palazzo Fabric: Heavy Faux Georgette. Palazzo Work: Heavy Embroidery & Chinese Sequin Work. Palazzo Lining: Micro Cotton. Palazzo Length: 39 inches. Palazzo: Fully Stitched — Free Size. Dupatta: Heavy Faux Georgette. Dupatta Work: Heavy Embroidery & Chinese Sequin Work. Dupatta Length: 2.10–2.20 metres. Weight: Approx. 1.1 kg. New Colour Added. Passion for Fashion. Place Your Order Today on Our Website or WhatsApp. From Kulsums Collection.	https://kulsumscollection.com/products/designer-heavy-embroidered-3-piece-suit	https://omnlnjzoeylhgjowkfsb.supabase.co/storage/v1/object/public/media/p/pmupu2twybkojc/mupu2uj8-0.jpg	https://omnlnjzoeylhgjowkfsb.supabase.co/storage/v1/object/public/media/p/pmupu2twybkojc/mupu2uj8-1.jpg,https://omnlnjzoeylhgjowkfsb.supabase.co/storage/v1/object/public/media/p/pmupu2twybkojc/mupu2uj8-2.jpg,https://omnlnjzoeylhgjowkfsb.supabase.co/storage/v1/object/public/media/p/pmupu2twybkojc/mupu2uj8-3.jpg,https://omnlnjzoeylhgjowkfsb.supabase.co/storage/v1/object/public/media/p/pmupu2twybkojc/mupu2uj8-4.jpg	in_stock	2159.00 INR		Kulsums Collection	new	Apparel & Accessories > Clothing > Traditional & Ceremonial Clothing > Saris & Lehengas	Clothing > Lehengas	female	adult			no	Lehengas	new_arrival	2000_plus
KC1329	Bangles	Beautiful bangles. High Quality. Size 2,4/6/8. One gram gold. 399 only. From Kulsums Collection.	https://kulsumscollection.com/products/bangles	https://omnlnjzoeylhgjowkfsb.supabase.co/storage/v1/object/public/media/p/pmuptwba05gl9q/muptwbn2-0.jpg	https://omnlnjzoeylhgjowkfsb.supabase.co/storage/v1/object/public/media/p/pmuptwba05gl9q/muptwbn2-1.jpg,https://omnlnjzoeylhgjowkfsb.supabase.co/storage/v1/object/public/media/p/pmuptwba05gl9q/muptwbn2-2.jpg,https://omnlnjzoeylhgjowkfsb.supabase.co/storage/v1/object/public/media/p/pmuptwba05gl9q/muptwbn2-3.jpg,https://omnlnjzoeylhgjowkfsb.supabase.co/storage/v1/object/public/media/p/pmuptwba05gl9q/muptwbn2-4.jpg,https://omnlnjzoeylhgjowkfsb.supabase.co/storage/v1/object/public/media/p/pmuptwba05gl9q/muptwbn2-5.jpg,https://omnlnjzoeylhgjowkfsb.supabase.co/storage/v1/object/public/media/p/pmuptwba05gl9q/muptwbn2-6.jpg,https://omnlnjzoeylhgjowkfsb.supabase.co/storage/v1/object/public/media/p/pmuptwba05gl9q/muptwbn2-7.jpg	in_stock	999.00 INR		Kulsums Collection	new	Apparel & Accessories > Jewelry	Jewellery	female	adult	Gold		no	Jewellery	new_arrival	500_999
KC1328	Pearl Set	Beautiful combo. Premium Quality. Anti Tarnish ring. Anti Tarnish Earings. Size adjustable. 399 only. From Kulsums Collection.	https://kulsumscollection.com/products/pearl-set	https://omnlnjzoeylhgjowkfsb.supabase.co/storage/v1/object/public/media/p/pmuptw8e9bqm4r/muptw8ux-0.jpg	https://omnlnjzoeylhgjowkfsb.supabase.co/storage/v1/object/public/media/p/pmuptw8e9bqm4r/muptw8ux-1.jpg,https://omnlnjzoeylhgjowkfsb.supabase.co/storage/v1/object/public/media/p/pmuptw8e9bqm4r/muptw8ux-2.jpg,https://omnlnjzoeylhgjowkfsb.supabase.co/storage/v1/object/public/media/p/pmuptw8e9bqm4r/muptw8ux-3.jpg,https://omnlnjzoeylhgjowkfsb.supabase.co/storage/v1/object/public/media/p/pmuptw8e9bqm4r/muptw8ux-4.jpg	in_stock	399.00 INR		Kulsums Collection	new	Apparel & Accessories > Jewelry	Jewellery	female	adult			no	Jewellery	new_arrival	under_500
KC1327	✨ Beautiful Premium Choker Set	Beautiful Premium Choker Set. A stunning Choker Jewellery Set with a rich Mehendi Polish finish, perfect for festive and party looks. Style: Elegant Choker Set. Finish: Mehendi Polish. Quality: Premium. Perfect for: Festive & Party Wear. Place Your Order Today on Our Website or WhatsApp. From Kulsums Collection.	https://kulsumscollection.com/products/beautiful-premium-choker-set	https://omnlnjzoeylhgjowkfsb.supabase.co/storage/v1/object/public/media/p/pmuptw0ta6b1xh/muptw1j9-0.jpg	https://omnlnjzoeylhgjowkfsb.supabase.co/storage/v1/object/public/media/p/pmuptw0ta6b1xh/muptw1j9-1.jpg,https://omnlnjzoeylhgjowkfsb.supabase.co/storage/v1/object/public/media/p/pmuptw0ta6b1xh/muptw1j9-2.jpg,https://omnlnjzoeylhgjowkfsb.supabase.co/storage/v1/object/public/media/p/pmuptw0ta6b1xh/muptw1j9-3.jpg,https://omnlnjzoeylhgjowkfsb.supabase.co/storage/v1/object/public/media/p/pmuptw0ta6b1xh/muptw1j9-4.jpg,https://omnlnjzoeylhgjowkfsb.supabase.co/storage/v1/object/public/media/p/pmuptw0ta6b1xh/muptw1j9-5.jpg,https://omnlnjzoeylhgjowkfsb.supabase.co/storage/v1/object/public/media/p/pmuptw0ta6b1xh/muptw1j9-6.jpg,https://omnlnjzoeylhgjowkfsb.supabase.co/storage/v1/object/public/media/p/pmuptw0ta6b1xh/muptw1j9-7.jpg,https://omnlnjzoeylhgjowkfsb.supabase.co/storage/v1/object/public/media/p/pmuptw0ta6b1xh/muptw1j9-8.jpg,https://omnlnjzoeylhgjowkfsb.supabase.co/storage/v1/object/public/media/p/pmuptw0ta6b1xh/muptw1j9-9.jpg,https://omnlnjzoeylhgjowkfsb.supabase.co/storage/v1/object/public/media/p/pmuptw0ta6b1xh/muptw1j9-10.jpg	in_stock	1289.00 INR		Kulsums Collection	new	Apparel & Accessories > Jewelry	Jewellery	female	adult			no	Jewellery	new_arrival	1000_1999
KC1325	Beautiful Jumkie	Beautifully Premium Quality Pakistani Jumkie Earings With Beautiful Earchain And Tika. From Kulsums Collection.	https://kulsumscollection.com/products/beautiful-jumkie	https://omnlnjzoeylhgjowkfsb.supabase.co/storage/v1/object/public/media/p/pmuptvp0a3uktc/muptvpq1-0.jpg	https://omnlnjzoeylhgjowkfsb.supabase.co/storage/v1/object/public/media/p/pmuptvp0a3uktc/muptvpq1-1.jpg,https://omnlnjzoeylhgjowkfsb.supabase.co/storage/v1/object/public/media/p/pmuptvp0a3uktc/muptvpq1-2.jpg,https://omnlnjzoeylhgjowkfsb.supabase.co/storage/v1/object/public/media/p/pmuptvp0a3uktc/muptvpq1-3.jpg,https://omnlnjzoeylhgjowkfsb.supabase.co/storage/v1/object/public/media/p/pmuptvp0a3uktc/muptvpq1-4.jpg,https://omnlnjzoeylhgjowkfsb.supabase.co/storage/v1/object/public/media/p/pmuptvp0a3uktc/muptvpq1-5.jpg,https://omnlnjzoeylhgjowkfsb.supabase.co/storage/v1/object/public/media/p/pmuptvp0a3uktc/muptvpq1-6.jpg,https://omnlnjzoeylhgjowkfsb.supabase.co/storage/v1/object/public/media/p/pmuptvp0a3uktc/muptvpq1-7.jpg,https://omnlnjzoeylhgjowkfsb.supabase.co/storage/v1/object/public/media/p/pmuptvp0a3uktc/muptvpq1-8.jpg,https://omnlnjzoeylhgjowkfsb.supabase.co/storage/v1/object/public/media/p/pmuptvp0a3uktc/muptvpq1-9.jpg	in_stock	649.00 INR		Kulsums Collection	new	Apparel & Accessories > Jewelry	Jewellery	female	adult			no	Jewellery	new_arrival	500_999
KC1324	💎 A gorgeous Micro Gold Quality jewellery	Beautiful Jewellery Combo. A gorgeous Micro Gold Quality jewellery combo, perfect for adding an elegant touch to any occasion. Quality: Premium Micro Gold. Sizes: 2 4 6 8 10. Style: Beautiful & Elegant. Place Your Order Today on Our Website or WhatsApp. From Kulsums Collection.	https://kulsumscollection.com/products/a-gorgeous-micro-gold-quality-jewellery	https://omnlnjzoeylhgjowkfsb.supabase.co/storage/v1/object/public/media/p/pmuptvmp6hftkc/muptvmwi-0.jpg	https://omnlnjzoeylhgjowkfsb.supabase.co/storage/v1/object/public/media/p/pmuptvmp6hftkc/muptvmwi-1.jpg,https://omnlnjzoeylhgjowkfsb.supabase.co/storage/v1/object/public/media/p/pmuptvmp6hftkc/muptvmwi-2.jpg	in_stock	1249.00 INR		Kulsums Collection	new	Apparel & Accessories > Jewelry	Jewellery	female	adult	Gold		no	Jewellery	new_arrival	1000_1999
KC1322	✨ Premium Kundan & Pakistani Choker Set	Premium Kundan & Pakistani Choker Set. A beautiful and elegant Kundan & Pakistani Choker Necklace Set paired with matching earrings — perfect for festive and party looks. Necklace: Kundan & Pakistani Choker. Includes: Choker Necklace + Earrings. Quality: Premium. Perfect for: Party & Festive Wear. Place Your Order Today on Our Website or WhatsApp. From Kulsums Collection.	https://kulsumscollection.com/products/premium-kundan-and-pakistani-choker-set	https://omnlnjzoeylhgjowkfsb.supabase.co/storage/v1/object/public/media/p/pmuptvi1vclada/muptvikz-0.jpg	https://omnlnjzoeylhgjowkfsb.supabase.co/storage/v1/object/public/media/p/pmuptvi1vclada/muptvikz-1.jpg,https://omnlnjzoeylhgjowkfsb.supabase.co/storage/v1/object/public/media/p/pmuptvi1vclada/muptvikz-2.jpg,https://omnlnjzoeylhgjowkfsb.supabase.co/storage/v1/object/public/media/p/pmuptvi1vclada/muptvikz-3.jpg,https://omnlnjzoeylhgjowkfsb.supabase.co/storage/v1/object/public/media/p/pmuptvi1vclada/muptvikz-4.jpg,https://omnlnjzoeylhgjowkfsb.supabase.co/storage/v1/object/public/media/p/pmuptvi1vclada/muptvikz-5.jpg	in_stock	495.00 INR		Kulsums Collection	new	Apparel & Accessories > Jewelry	Jewellery	female	adult			no	Jewellery	new_arrival	under_500
KC1321	Designer Pure Cotton Top with Embroidery	Restock with new rate. Design-: 1 hit design. Top: - pure cotton print with exclusive patch HEAVY embroidery( 2 PATCH). Bottom: -semilawn. Colour: 9 colours. Free shipping included. From Kulsums Collection.	https://kulsumscollection.com/products/designer-pure-cotton-top-with-embroidery	https://omnlnjzoeylhgjowkfsb.supabase.co/storage/v1/object/public/media/p/pmuptvar7edr8y/muptvbbc-0.jpg	https://omnlnjzoeylhgjowkfsb.supabase.co/storage/v1/object/public/media/p/pmuptvar7edr8y/muptvbbc-1.jpg,https://omnlnjzoeylhgjowkfsb.supabase.co/storage/v1/object/public/media/p/pmuptvar7edr8y/muptvbbc-2.jpg,https://omnlnjzoeylhgjowkfsb.supabase.co/storage/v1/object/public/media/p/pmuptvar7edr8y/muptvbbc-3.jpg,https://omnlnjzoeylhgjowkfsb.supabase.co/storage/v1/object/public/media/p/pmuptvar7edr8y/muptvbbc-4.jpg,https://omnlnjzoeylhgjowkfsb.supabase.co/storage/v1/object/public/media/p/pmuptvar7edr8y/muptvbbc-5.jpg,https://omnlnjzoeylhgjowkfsb.supabase.co/storage/v1/object/public/media/p/pmuptvar7edr8y/muptvbbc-6.jpg,https://omnlnjzoeylhgjowkfsb.supabase.co/storage/v1/object/public/media/p/pmuptvar7edr8y/muptvbbc-7.jpg,https://omnlnjzoeylhgjowkfsb.supabase.co/storage/v1/object/public/media/p/pmuptvar7edr8y/muptvbbc-8.jpg,https://omnlnjzoeylhgjowkfsb.supabase.co/storage/v1/object/public/media/p/pmuptvar7edr8y/muptvbbc-9.jpg,https://omnlnjzoeylhgjowkfsb.supabase.co/storage/v1/object/public/media/p/pmuptvar7edr8y/muptvbbc-10.jpg	in_stock	1659.00 INR		Kulsums Collection	new	Apparel & Accessories > Clothing > Shirts & Tops	Clothing > Dress Material	female	adult			no	Dress Material	new_arrival	1000_1999
KC1320	Designer Lawn Top with Embroidery and Digital Print	Rangon Ki Dunya — All Designs Mix, Original Mumtaz Arts Collection. A beautiful 3-piece premium lawn cotton set featuring heavy embroidery, Shifli border detailing and designer tie work. Top: Pure Lawn Cotton Digital Print. Work: Heavy Embroidery Tie Work Shifli Border. Bottom: Pure Cotton Cambric. Dupatta: Pure Lawn Cotton Digital Print. Dupatta Detail: Box Pallu Digital Print. Original Mumtaz Arts Product. Place Your Order Today on Our Website or WhatsApp. From Kulsums Collection.	https://kulsumscollection.com/products/designer-lawn-top-with-embroidery-and-digital-print	https://omnlnjzoeylhgjowkfsb.supabase.co/storage/v1/object/public/media/p/pmuptv5sr3n2ue/muptv6dn-0.jpg	https://omnlnjzoeylhgjowkfsb.supabase.co/storage/v1/object/public/media/p/pmuptv5sr3n2ue/muptv6dn-1.jpg,https://omnlnjzoeylhgjowkfsb.supabase.co/storage/v1/object/public/media/p/pmuptv5sr3n2ue/muptv6dn-2.jpg,https://omnlnjzoeylhgjowkfsb.supabase.co/storage/v1/object/public/media/p/pmuptv5sr3n2ue/muptv6dn-3.jpg,https://omnlnjzoeylhgjowkfsb.supabase.co/storage/v1/object/public/media/p/pmuptv5sr3n2ue/muptv6dn-4.jpg,https://omnlnjzoeylhgjowkfsb.supabase.co/storage/v1/object/public/media/p/pmuptv5sr3n2ue/muptv6dn-5.jpg,https://omnlnjzoeylhgjowkfsb.supabase.co/storage/v1/object/public/media/p/pmuptv5sr3n2ue/muptv6dn-6.jpg,https://omnlnjzoeylhgjowkfsb.supabase.co/storage/v1/object/public/media/p/pmuptv5sr3n2ue/muptv6dn-7.jpg,https://omnlnjzoeylhgjowkfsb.supabase.co/storage/v1/object/public/media/p/pmuptv5sr3n2ue/muptv6dn-8.jpg	in_stock	1699.00 INR		Kulsums Collection	new	Apparel & Accessories > Clothing > Shirts & Tops	Clothing > Gotta work dresses	female	adult			no	Gotta work dresses	new_arrival	1000_1999
KC1319	💎 Premium Reverse Diamond Hasli Jewellery Set	Premium Reverse Diamond Hasli Jewellery Set. A stunning Premium Reverse Diamond Hasli Necklace Set featuring beautiful matching earrings and a graceful maang tikka. Necklace: Reverse Diamond Hasli. Includes: Necklace Earrings Maang Tikka. Quality: Premium Finish. Elegant & Statement-Making Design. Shipping: Extra. Place Your Order Today on Our Website or WhatsApp. From Kulsums Collection.	https://kulsumscollection.com/products/premium-reverse-diamond-hasli-jewellery-set	https://omnlnjzoeylhgjowkfsb.supabase.co/storage/v1/object/public/media/p/pmuptv0znuxc00/muptv1lr-0.jpg	https://omnlnjzoeylhgjowkfsb.supabase.co/storage/v1/object/public/media/p/pmuptv0znuxc00/muptv1lr-1.jpg,https://omnlnjzoeylhgjowkfsb.supabase.co/storage/v1/object/public/media/p/pmuptv0znuxc00/muptv1lr-2.jpg,https://omnlnjzoeylhgjowkfsb.supabase.co/storage/v1/object/public/media/p/pmuptv0znuxc00/muptv1lr-3.jpg,https://omnlnjzoeylhgjowkfsb.supabase.co/storage/v1/object/public/media/p/pmuptv0znuxc00/muptv1lr-4.jpg,https://omnlnjzoeylhgjowkfsb.supabase.co/storage/v1/object/public/media/p/pmuptv0znuxc00/muptv1lr-5.jpg,https://omnlnjzoeylhgjowkfsb.supabase.co/storage/v1/object/public/media/p/pmuptv0znuxc00/muptv1lr-6.jpg,https://omnlnjzoeylhgjowkfsb.supabase.co/storage/v1/object/public/media/p/pmuptv0znuxc00/muptv1lr-7.jpg,https://omnlnjzoeylhgjowkfsb.supabase.co/storage/v1/object/public/media/p/pmuptv0znuxc00/muptv1lr-8.jpg	in_stock	1899.00 INR		Kulsums Collection	new	Apparel & Accessories > Jewelry	Jewellery	female	adult			no	Jewellery	new_arrival	1000_1999
KC1318	One-Gram Micro Gold-Plated Jewellery Set	Premium One-Gram Micro Gold-Plated Jewellery Set. A beautiful and elegant jewellery set featuring a delicate necklace with matching earrings and a maang tikka. Necklace: One-Gram Micro Gold Plated. Includes: Necklace Earrings Maang Tikka. Finish: Premium Quality. Elegant & Stylish Design. Place Your Order Today on Our Website or WhatsApp. From Kulsums Collection.	https://kulsumscollection.com/products/one-gram-micro-gold-plated-jewellery-set	https://omnlnjzoeylhgjowkfsb.supabase.co/storage/v1/object/public/media/p/pmuptuyaiaqayp/muptuyje-0.jpg	https://omnlnjzoeylhgjowkfsb.supabase.co/storage/v1/object/public/media/p/pmuptuyaiaqayp/muptuyje-1.jpg,https://omnlnjzoeylhgjowkfsb.supabase.co/storage/v1/object/public/media/p/pmuptuyaiaqayp/muptuyje-2.jpg,https://omnlnjzoeylhgjowkfsb.supabase.co/storage/v1/object/public/media/p/pmuptuyaiaqayp/muptuyje-3.jpg	in_stock	1050.00 INR		Kulsums Collection	new	Apparel & Accessories > Jewelry	Jewellery	female	adult	Gold		no	Jewellery	new_arrival	1000_1999
KC1317	Pakistani Jhumki Jewellery Set	Premium Pakistani Jhumki Jewellery Set. A beautiful and elegant Pakistani-inspired jewellery set featuring traditional jhumki earrings with matching ear chains and a graceful maang tikka. Includes: Jhumki Earrings Ear Chain Maang Tikka. Quality: Premium Finish. Style: Traditional Pakistani-Inspired Design. Place Your Order Today on Our Website or WhatsApp. From Kulsums Collection.	https://kulsumscollection.com/products/pakistani-jhumki-jewellery-set	https://omnlnjzoeylhgjowkfsb.supabase.co/storage/v1/object/public/media/p/pmuptuutglytfp/muptuvck-0.jpg	https://omnlnjzoeylhgjowkfsb.supabase.co/storage/v1/object/public/media/p/pmuptuutglytfp/muptuvck-1.jpg,https://omnlnjzoeylhgjowkfsb.supabase.co/storage/v1/object/public/media/p/pmuptuutglytfp/muptuvck-2.jpg,https://omnlnjzoeylhgjowkfsb.supabase.co/storage/v1/object/public/media/p/pmuptuutglytfp/muptuvck-3.jpg,https://omnlnjzoeylhgjowkfsb.supabase.co/storage/v1/object/public/media/p/pmuptuutglytfp/muptuvck-4.jpg	in_stock	750.00 INR		Kulsums Collection	new	Apparel & Accessories > Jewelry	Others	female	adult			no	Others	new_arrival	500_999
KC1316	One-Gram Micro Gold-Plated Pendant Set	Premium One-Gram Micro Gold-Plated Pendant Set. A beautiful and elegant pendant jewellery combo featuring a matching pair of earrings and a 22-inch chain. Finish: One-Gram Micro Gold Plated. Includes: Pendant Earrings 22-Inch Chain. Quality: Premium Finish. Elegant & Stylish Design. Place Your Order Today on Our Website or WhatsApp. From Kulsums Collection.	https://kulsumscollection.com/products/one-gram-micro-gold-plated-pendant-set	https://omnlnjzoeylhgjowkfsb.supabase.co/storage/v1/object/public/media/p/pmuptukzreurki/muptult6-0.jpg	https://omnlnjzoeylhgjowkfsb.supabase.co/storage/v1/object/public/media/p/pmuptukzreurki/muptult6-1.jpg,https://omnlnjzoeylhgjowkfsb.supabase.co/storage/v1/object/public/media/p/pmuptukzreurki/muptult6-2.jpg,https://omnlnjzoeylhgjowkfsb.supabase.co/storage/v1/object/public/media/p/pmuptukzreurki/muptult6-3.jpg,https://omnlnjzoeylhgjowkfsb.supabase.co/storage/v1/object/public/media/p/pmuptukzreurki/muptult6-4.jpg,https://omnlnjzoeylhgjowkfsb.supabase.co/storage/v1/object/public/media/p/pmuptukzreurki/muptult6-5.jpg,https://omnlnjzoeylhgjowkfsb.supabase.co/storage/v1/object/public/media/p/pmuptukzreurki/muptult6-6.jpg,https://omnlnjzoeylhgjowkfsb.supabase.co/storage/v1/object/public/media/p/pmuptukzreurki/muptult6-7.jpg,https://omnlnjzoeylhgjowkfsb.supabase.co/storage/v1/object/public/media/p/pmuptukzreurki/muptult6-8.jpg,https://omnlnjzoeylhgjowkfsb.supabase.co/storage/v1/object/public/media/p/pmuptukzreurki/muptult6-9.jpg,https://omnlnjzoeylhgjowkfsb.supabase.co/storage/v1/object/public/media/p/pmuptukzreurki/muptult6-10.jpg	in_stock	699.00 INR		Kulsums Collection	new	Apparel & Accessories > Jewelry	Jewellery	female	adult	Gold		no	Jewellery	new_arrival	500_999
KC1315	Party-Wear Jewellery Set	Premium Party-Wear Jewellery Set. A beautiful statement set designed to elevate your party look with its elegant and stylish finish. Style: Party Wear. Quality: Premium. Look: Elegant Glamorous Sophisticated. Place Your Order Today on Our Website or WhatsApp. From Kulsums Collection.	https://kulsumscollection.com/products/party-wear-jewellery-set-2	https://omnlnjzoeylhgjowkfsb.supabase.co/storage/v1/object/public/media/p/pmuptuhtj4m861/muptui88-0.jpg	https://omnlnjzoeylhgjowkfsb.supabase.co/storage/v1/object/public/media/p/pmuptuhtj4m861/muptui88-1.jpg,https://omnlnjzoeylhgjowkfsb.supabase.co/storage/v1/object/public/media/p/pmuptuhtj4m861/muptui88-2.jpg,https://omnlnjzoeylhgjowkfsb.supabase.co/storage/v1/object/public/media/p/pmuptuhtj4m861/muptui88-3.jpg,https://omnlnjzoeylhgjowkfsb.supabase.co/storage/v1/object/public/media/p/pmuptuhtj4m861/muptui88-4.jpg	in_stock	950.00 INR		Kulsums Collection	new	Apparel & Accessories > Jewelry	Others	female	adult			no	Others	new_arrival	500_999
KC1314	Party-Wear Jewellery Set	Premium Party-Wear Jewellery Set. A beautiful and elegant set designed to add a glamorous touch to your party look. Premium Quality. Perfect for Party Wear. Elegant & Stylish Design. Beautiful Statement Look. Place Your Order Today on Our Website or WhatsApp. From Kulsums Collection.	https://kulsumscollection.com/products/party-wear-jewellery-set	https://omnlnjzoeylhgjowkfsb.supabase.co/storage/v1/object/public/media/p/pmuptubwl49npv/muptucdo-0.jpg	https://omnlnjzoeylhgjowkfsb.supabase.co/storage/v1/object/public/media/p/pmuptubwl49npv/muptucdo-1.jpg,https://omnlnjzoeylhgjowkfsb.supabase.co/storage/v1/object/public/media/p/pmuptubwl49npv/muptucdo-2.jpg,https://omnlnjzoeylhgjowkfsb.supabase.co/storage/v1/object/public/media/p/pmuptubwl49npv/muptucdo-3.jpg,https://omnlnjzoeylhgjowkfsb.supabase.co/storage/v1/object/public/media/p/pmuptubwl49npv/muptucdo-4.jpg,https://omnlnjzoeylhgjowkfsb.supabase.co/storage/v1/object/public/media/p/pmuptubwl49npv/muptucdo-5.jpg,https://omnlnjzoeylhgjowkfsb.supabase.co/storage/v1/object/public/media/p/pmuptubwl49npv/muptucdo-6.jpg,https://omnlnjzoeylhgjowkfsb.supabase.co/storage/v1/object/public/media/p/pmuptubwl49npv/muptucdo-7.jpg,https://omnlnjzoeylhgjowkfsb.supabase.co/storage/v1/object/public/media/p/pmuptubwl49npv/muptucdo-8.jpg,https://omnlnjzoeylhgjowkfsb.supabase.co/storage/v1/object/public/media/p/pmuptubwl49npv/muptucdo-9.jpg	in_stock	1069.00 INR		Kulsums Collection	new	Apparel & Accessories > Jewelry	Jewellery	female	adult			no	Jewellery	new_arrival	1000_1999
KC1313	✨ Beautiful Rani Haar Jewellery Combo	Beautiful Rani Haar Jewellery Combo. A stunning Long Rani Haar paired with elegant matching earrings — perfect for adding a graceful and royal touch to your festive or party look. Style: Long Rani Haar. Includes: Rani Haar + Earrings. Look: Elegant Traditional Royal. Place Your Order Today on Our Website or WhatsApp. From Kulsums Collection.	https://kulsumscollection.com/products/beautiful-rani-haar-jewellery-combo	https://omnlnjzoeylhgjowkfsb.supabase.co/storage/v1/object/public/media/p/pmuptu928qtivh/muptu9kj-0.jpg	https://omnlnjzoeylhgjowkfsb.supabase.co/storage/v1/object/public/media/p/pmuptu928qtivh/muptu9kj-1.jpg,https://omnlnjzoeylhgjowkfsb.supabase.co/storage/v1/object/public/media/p/pmuptu928qtivh/muptu9kj-2.jpg,https://omnlnjzoeylhgjowkfsb.supabase.co/storage/v1/object/public/media/p/pmuptu928qtivh/muptu9kj-3.jpg,https://omnlnjzoeylhgjowkfsb.supabase.co/storage/v1/object/public/media/p/pmuptu928qtivh/muptu9kj-4.jpg,https://omnlnjzoeylhgjowkfsb.supabase.co/storage/v1/object/public/media/p/pmuptu928qtivh/muptu9kj-5.jpg	in_stock	950.00 INR		Kulsums Collection	new	Apparel & Accessories > Jewelry	Jewellery	female	adult			no	Jewellery	new_arrival	500_999
KC1312	Beautiful Premium Party-Wear Set	Beautiful Premium Party-Wear Set. An elegant and stylish set designed to add a glamorous touch to your special occasions. Premium Quality. Perfect Party Look. Elegant & Stylish. Beautiful Statement Design. Place Your Order Today on Our Website or WhatsApp. From Kulsums Collection.	https://kulsumscollection.com/products/beautiful-premium-party-wear-set	https://omnlnjzoeylhgjowkfsb.supabase.co/storage/v1/object/public/media/p/pmupttzzrpmkot/muptu0rw-0.jpg	https://omnlnjzoeylhgjowkfsb.supabase.co/storage/v1/object/public/media/p/pmupttzzrpmkot/muptu0rw-1.jpg,https://omnlnjzoeylhgjowkfsb.supabase.co/storage/v1/object/public/media/p/pmupttzzrpmkot/muptu0rw-2.jpg,https://omnlnjzoeylhgjowkfsb.supabase.co/storage/v1/object/public/media/p/pmupttzzrpmkot/muptu0rw-3.jpg,https://omnlnjzoeylhgjowkfsb.supabase.co/storage/v1/object/public/media/p/pmupttzzrpmkot/muptu0rw-4.jpg,https://omnlnjzoeylhgjowkfsb.supabase.co/storage/v1/object/public/media/p/pmupttzzrpmkot/muptu0rw-5.jpg,https://omnlnjzoeylhgjowkfsb.supabase.co/storage/v1/object/public/media/p/pmupttzzrpmkot/muptu0rw-6.jpg,https://omnlnjzoeylhgjowkfsb.supabase.co/storage/v1/object/public/media/p/pmupttzzrpmkot/muptu0rw-7.jpg,https://omnlnjzoeylhgjowkfsb.supabase.co/storage/v1/object/public/media/p/pmupttzzrpmkot/muptu0rw-8.jpg,https://omnlnjzoeylhgjowkfsb.supabase.co/storage/v1/object/public/media/p/pmupttzzrpmkot/muptu0rw-9.jpg,https://omnlnjzoeylhgjowkfsb.supabase.co/storage/v1/object/public/media/p/pmupttzzrpmkot/muptu0rw-10.jpg	in_stock	849.00 INR		Kulsums Collection	new	Apparel & Accessories > Jewelry	Jewellery	female	adult			no	Jewellery	new_arrival	500_999
KC1311	Vintege Cotton Bedsheet	Vintage King Size Cotton Bedsheet Set. Bring timeless elegance and comfort to your bedroom with this beautiful King Size Bedsheet Set, neatly packed and ready to gift or use. Bedsheet Size: 108 × 108 inches. Fabric: Cotton. Includes: 1 King Size Bedsheet + 2 Pillow Covers. Weight: Approx. 1.6 kg. Packaging: PVC Bag with Poster. Premium Comfortable Elegant Perfect for Your Home. Place Your Order Today on Our Website or WhatsApp. From Kulsums Collection.	https://kulsumscollection.com/products/vintege-cotton-bedsheet	https://omnlnjzoeylhgjowkfsb.supabase.co/storage/v1/object/public/media/p/pmupttpo0kjdmr/mupttqi1-0.jpg	https://omnlnjzoeylhgjowkfsb.supabase.co/storage/v1/object/public/media/p/pmupttpo0kjdmr/mupttqi1-1.jpg,https://omnlnjzoeylhgjowkfsb.supabase.co/storage/v1/object/public/media/p/pmupttpo0kjdmr/mupttqi1-2.jpg,https://omnlnjzoeylhgjowkfsb.supabase.co/storage/v1/object/public/media/p/pmupttpo0kjdmr/mupttqi1-3.jpg,https://omnlnjzoeylhgjowkfsb.supabase.co/storage/v1/object/public/media/p/pmupttpo0kjdmr/mupttqi1-4.jpg,https://omnlnjzoeylhgjowkfsb.supabase.co/storage/v1/object/public/media/p/pmupttpo0kjdmr/mupttqi1-5.jpg,https://omnlnjzoeylhgjowkfsb.supabase.co/storage/v1/object/public/media/p/pmupttpo0kjdmr/mupttqi1-6.jpg,https://omnlnjzoeylhgjowkfsb.supabase.co/storage/v1/object/public/media/p/pmupttpo0kjdmr/mupttqi1-7.jpg,https://omnlnjzoeylhgjowkfsb.supabase.co/storage/v1/object/public/media/p/pmupttpo0kjdmr/mupttqi1-8.jpg,https://omnlnjzoeylhgjowkfsb.supabase.co/storage/v1/object/public/media/p/pmupttpo0kjdmr/mupttqi1-9.jpg,https://omnlnjzoeylhgjowkfsb.supabase.co/storage/v1/object/public/media/p/pmupttpo0kjdmr/mupttqi1-10.jpg	in_stock	1859.00 INR		Kulsums Collection	new	Home & Garden > Decor	Home needs					no	Home needs	new_arrival	1000_1999
KC1120	Premium Heavy Cotton 3-Piece Collection	Premium Heavy Cotton 3-Piece Collection. A beautiful Pure Heavy Cotton 3-Piece Set featuring an elegant printed design with delicate Daman Embroidery Work. Top: Pure Heavy Cotton with Print & Daman Embroidery. Bottom: Pure Heavy Cotton. Dupatta: Pure Cotton with Print. Top Length: 2.8 metres. Bottom Length: 2.8 metres. Dupatta Length: 2.25 metres. Lining: No Inner/Astar Required. Colour Guaranteed. Single Pieces Available. Ready Stock. Original Product Premium Cotton Beautiful Print & Embroidery. Place Your Order Today on Our Website or WhatsApp. From Kulsums Collection.	https://kulsumscollection.com/products/premium-heavy-cotton-3-piece-collection	https://omnlnjzoeylhgjowkfsb.supabase.co/storage/v1/object/public/media/p/pmuol3epn5h6dl/muol3f5d-0.jpg	https://omnlnjzoeylhgjowkfsb.supabase.co/storage/v1/object/public/media/p/pmuol3epn5h6dl/muol3f5d-1.jpg,https://omnlnjzoeylhgjowkfsb.supabase.co/storage/v1/object/public/media/p/pmuol3epn5h6dl/muol3f5d-2.jpg,https://omnlnjzoeylhgjowkfsb.supabase.co/storage/v1/object/public/media/p/pmuol3epn5h6dl/muol3f5d-3.jpg,https://omnlnjzoeylhgjowkfsb.supabase.co/storage/v1/object/public/media/p/pmuol3epn5h6dl/muol3f5d-4.jpg,https://omnlnjzoeylhgjowkfsb.supabase.co/storage/v1/object/public/media/p/pmuol3epn5h6dl/muol3f5d-5.jpg,https://omnlnjzoeylhgjowkfsb.supabase.co/storage/v1/object/public/media/p/pmuol3epn5h6dl/muol3f5d-6.jpg,https://omnlnjzoeylhgjowkfsb.supabase.co/storage/v1/object/public/media/p/pmuol3epn5h6dl/muol3f5d-7.jpg,https://omnlnjzoeylhgjowkfsb.supabase.co/storage/v1/object/public/media/p/pmuol3epn5h6dl/muol3f5d-8.jpg,https://omnlnjzoeylhgjowkfsb.supabase.co/storage/v1/object/public/media/p/pmuol3epn5h6dl/muol3f5d-9.jpg,https://omnlnjzoeylhgjowkfsb.supabase.co/storage/v1/object/public/media/p/pmuol3epn5h6dl/muol3f5d-10.jpg	in_stock	1129.00 INR		Kulsums Collection	new		Clothing > Dress Material	female	adult			no	Dress Material	new_arrival	1000_1999
KC1119	Rayon Top with Handwork and Embroidery	Top. Pure Rayon with beautiful print with front side net atteched all over hand work sequence work. Bottom. cotton rayon. Dupatta. Cotton with embroidery and sequence work. Top: 2.5 mtr. Bottom: 2.5mtr. Dupatta: 2.25 mtr. Work: Print, Handwork, Embroidery. Colour: Black. Length: 2.5 m. Free shipping included. From Kulsums Collection.	https://kulsumscollection.com/products/rayon-top-with-handwork-and-embroidery	https://omnlnjzoeylhgjowkfsb.supabase.co/storage/v1/object/public/media/p/pmuol3cnmf3ipe/muol3cx6-0.jpg	https://omnlnjzoeylhgjowkfsb.supabase.co/storage/v1/object/public/media/p/pmuol3cnmf3ipe/muol3cx6-1.jpg	in_stock	999.00 INR		Kulsums Collection	new	Apparel & Accessories > Clothing > Shirts & Tops	Clothing > Dress Material	female	adult	Black		no	Dress Material	new_arrival	500_999
KC1118	Premium Georgette Kurti Set	LC 1307 – Premium Georgette Kurti Set. Presenting a beautiful 3-piece Georgette Kurti Set featuring elegant Sequin & Zari Embroidery Work with a graceful lace-bordered dupatta. Top: Georgette with Sequin Embroidery Work. Top: Fully Stitched. Top Lining: Micro Crepe. Top Length: 46–47 inches. Sizes: M (38) L (40) XL (42) XXL (44). Pant: Georgette, Fully Stitched. Pant Lining: Micro Crepe. Pant Length: 40 inches. Palazzo: Free Size — Fully Stitched up to XXL. Dupatta: Georgette with Sequin Embroidery & Lace Border. Free Shipping Included. Premium Elegant Beautifully Embroidered Festive Ready. Place Your Order Today on Our Website or WhatsApp. From Kulsums Collection.	https://kulsumscollection.com/products/premium-georgette-kurti-set	https://omnlnjzoeylhgjowkfsb.supabase.co/storage/v1/object/public/media/p/pmuol156vpdrss/muol15vn-0.jpg	https://omnlnjzoeylhgjowkfsb.supabase.co/storage/v1/object/public/media/p/pmuol156vpdrss/muol15vn-1.jpg,https://omnlnjzoeylhgjowkfsb.supabase.co/storage/v1/object/public/media/p/pmuol156vpdrss/muol15vn-2.jpg,https://omnlnjzoeylhgjowkfsb.supabase.co/storage/v1/object/public/media/p/pmuol156vpdrss/muol15vn-3.jpg,https://omnlnjzoeylhgjowkfsb.supabase.co/storage/v1/object/public/media/p/pmuol156vpdrss/muol15vn-4.jpg	in_stock	1859.00 INR		Kulsums Collection	new	Apparel & Accessories > Clothing > Shirts & Tops	Clothing > ReadyMade Suits	female	adult			no	ReadyMade Suits	new_arrival	1000_1999
KC1117	Readymade Cotton Collection	Readymade Cotton Collection. A beautiful ready-to-wear 3-piece cotton set, designed for comfort and effortless everyday elegance. Top: Printed Cotton, Fully Stitched. Bottom: Stitched Cotton. Dupatta: Cotton. Sizes: XL (42) XXL (44). Single Piece: Available. Ready to Ship. Cotton Comfortable Elegant Ready to Wear. Place Your Order Today on Our Website or WhatsApp. From Kulsums Collection.	https://kulsumscollection.com/products/readymade-cotton-collection	https://omnlnjzoeylhgjowkfsb.supabase.co/storage/v1/object/public/media/p/pmuol0wsxthso2/muol0x7t-0.jpg	https://omnlnjzoeylhgjowkfsb.supabase.co/storage/v1/object/public/media/p/pmuol0wsxthso2/muol0x7t-1.jpg,https://omnlnjzoeylhgjowkfsb.supabase.co/storage/v1/object/public/media/p/pmuol0wsxthso2/muol0x7t-2.jpg,https://omnlnjzoeylhgjowkfsb.supabase.co/storage/v1/object/public/media/p/pmuol0wsxthso2/muol0x7t-3.jpg,https://omnlnjzoeylhgjowkfsb.supabase.co/storage/v1/object/public/media/p/pmuol0wsxthso2/muol0x7t-4.jpg,https://omnlnjzoeylhgjowkfsb.supabase.co/storage/v1/object/public/media/p/pmuol0wsxthso2/muol0x7t-5.jpg,https://omnlnjzoeylhgjowkfsb.supabase.co/storage/v1/object/public/media/p/pmuol0wsxthso2/muol0x7t-6.jpg	in_stock	1129.00 INR		Kulsums Collection	new		Clothing > Dress Material	female	adult			no	Dress Material	new_arrival	1000_1999
